7e 45 36 00 01 34 28 01 00 03 00 84 00 03 00 01 00 08 08 00 18 00 34 11 15 41 68 00 3e 00 4c 0a 47 38 32 10 09 1b 1b 1a 1a 19 19 19 1a 64 16 5e a1 89 7e,2021-05-01 13:20:39
7e 45 37 00 01 35 28 01 00 01 00 84 00 03 00 01 00 10 08 00 08 00 34 11 15 41 68 00 3e 00 4c 0a 47 38 32 10 09 1b 1b 1a 1a 19 19 19 1a 64 16 54 9a 9c 7e,2021-05-01 13:20:39
7e 45 39 00 01 37 28 01 00 01 00 84 00 03 00 01 00 10 08 00 08 00 35 11 15 41 68 00 3e 00 4c 0a 47 38 32 10 09 1b 1b 1a 1a 1c 1e 1c 1b 64 16 61 04 b2 7e,2021-05-01 13:20:45
7e 45 3a 00 01 38 28 01 00 03 00 84 00 03 00 01 00 08 08 00 18 00 36 11 15 41 68 00 3e 00 4c 0a 47 38 32 10 09 1a 1b 1a 1a 1c 1b 1b 1b 64 16 67 50 34 7e,2021-05-01 13:21:07
7e 45 3b 00 01 39 28 01 00 01 00 84 00 03 00 01 00 10 08 00 08 00 36 11 15 41 68 00 3e 00 4c 0a 47 38 32 10 09 1a 1b 1a 1a 1c 1b 1b 1b 64 16 5d 38 17 7e,2021-05-01 13:21:07
7e 45 3c 00 04 05 01 00 14 92 7e,2021-05-01 13:21:16
7e 45 3d 00 01 3a 28 01 00 03 00 84 00 03 00 01 00 08 08 00 18 00 37 11 15 41 68 00 3e 00 4c 0a 47 38 32 10 09 1a 1a 19 1a 19 19 19 1a 64 16 5e 02 02 7e,2021-05-01 13:23:13
7e 45 3e 00 01 3b 28 01 00 01 00 84 00 03 00 01 00 10 08 00 08 00 37 11 15 41 68 00 3e 00 4c 0a 47 38 32 10 09 1a 1a 19 1a 19 19 19 1a 64 16 54 ea 56 7e,2021-05-01 13:23:13
7e 45 3f 00 01 3c 28 01 00 15 00 84 00 0a 00 01 00 10 08 00 a8 00 0e 11 15 41 68 00 2d 00 37 0a 47 38 32 10 09 19 18 19 18 1d 1f 1d 1f 64 16 ce 00 93 7e,2021-05-01 13:28:34
7e 45 40 00 01 3d 28 01 00 01 00 84 00 0a 00 01 00 18 08 00 08 00 0e 11 15 41 68 00 2d 00 37 0a 47 38 32 10 09 19 18 19 18 1d 1f 1d 1f 64 16 22 3e 3b 7e,2021-05-01 13:28:35
7e 45 41 00 01 3e 28 01 00 15 00 84 00 0a 00 01 00 10 08 00 a8 00 0f 11 15 41 68 00 2d 00 37 0a 47 38 32 10 09 19 18 19 18 1c 1c 1c 1d 64 16 c8 15 a6 7e,2021-05-01 13:28:56
7e 45 42 00 01 3f 28 01 00 01 00 84 00 0a 00 01 00 18 08 00 08 00 0f 11 15 41 68 00 2d 00 37 0a 47 38 32 10 09 19 18 19 18 1c 1c 1c 1d 64 16 1c bd e5 7e,2021-05-01 13:28:56
7e 45 43 00 01 40 28 01 00 15 00 84 00 0a 00 01 00 10 08 00 a8 00 10 11 15 41 68 00 2d 00 37 0a 47 38 32 10 09 19 18 19 18 1a 1a 1a 1a 64 16 c0 4f a5 7e,2021-05-01 13:29:51
7e 45 44 00 01 41 28 01 00 01 00 84 00 0a 00 01 00 18 08 00 08 00 10 11 15 41 68 00 2d 00 37 0a 47 38 32 10 09 19 18 19 18 1a 1a 1a 1a 64 16 14 41 65 7e,2021-05-01 13:29:51
7e 45 45 00 01 42 36 01 00 01 00 84 00 07 00 01 00 10 08 00 08 00 56 11 23 11 04 00 4e 00 50 0b 47 38 30 02 00 57 73 6e 55 61 72 74 52 00 00 00 00 00 00 00 00 30 62 35 35 33 34 36 00 66 36 f3 7e,2021-05-01 13:34:01
7e 45 46 00 01 43 23 07 00 01 00 84 00 01 00 07 00 08 38 00 08 00 0d 11 10 01 04 00 00 00 00 00 00 00 00 00 00 00 00 00 00 00 0f 10 10 7e,2021-05-01 13:34:01
7e 45 47 00 01 44 23 07 00 01 00 84 00 01 00 07 00 08 38 00 08 00 0d 11 10 01 04 00 00 00 00 00 00 00 00 00 00 00 00 00 00 00 0f 73 37 7e,2021-05-01 13:34:02
7e 45 48 00 01 45 23 07 00 01 00 84 00 01 00 07 00 08 38 00 08 00 0d 11 10 01 04 00 00 00 00 00 00 00 00 00 00 00 00 00 00 00 0f 8e 5e 7e,2021-05-01 13:34:03
7e 45 49 00 01 46 23 15 00 01 00 84 00 01 00 07 00 08 a8 00 08 00 0d 11 10 01 04 00 00 00 00 00 00 00 00 00 00 00 00 00 00 00 8d 1c 49 7e,2021-05-01 13:34:04
7e 45 4a 00 01 47 23 12 00 15 00 84 00 01 00 07 00 10 90 00 a8 00 0d 11 10 01 04 00 00 00 00 00 00 00 00 00 00 00 00 00 00 00 2e 43 aa 7e,2021-05-01 13:34:04
7e 45 4b 00 01 48 23 12 00 15 00 84 00 01 00 07 00 10 90 00 a8 00 0d 11 10 01 04 00 00 00 00 00 00 00 00 00 00 00 00 00 00 00 2e 1f d9 7e,2021-05-01 13:34:05
7e 45 4c 00 01 49 23 12 00 15 00 84 00 01 00 07 00 10 90 00 a8 00 0d 11 10 01 04 00 00 00 00 00 00 00 00 00 00 00 00 00 00 00 2e 47 27 7e,2021-05-01 13:34:06
7e 45 4d 00 01 4a 23 03 00 15 00 84 00 01 00 07 00 10 18 00 a8 00 0d 11 10 01 04 00 00 00 00 00 00 00 00 00 00 00 00 00 00 00 a7 5b ec 7e,2021-05-01 13:34:07
7e 45 4e 00 01 4b 23 08 00 15 00 84 00 01 00 07 00 10 40 00 a8 00 0d 11 10 01 04 00 00 00 00 00 00 00 00 00 00 00 00 00 00 00 d4 e9 c7 7e,2021-05-01 13:34:08
7e 45 4f 00 01 4c 23 07 00 15 00 84 00 01 00 07 00 10 38 00 a8 00 0d 11 10 01 04 00 00 00 00 00 00 00 00 00 00 00 00 00 00 00 cb 04 c9 7e,2021-05-01 13:34:08
7e 45 50 00 01 4d 23 11 00 15 00 84 00 01 00 07 00 10 88 00 a8 00 0d 11 10 01 04 00 00 00 00 00 00 00 00 00 00 00 00 00 00 00 25 ca 32 7e,2021-05-01 13:34:09
7e 45 51 00 01 4e 23 03 00 15 00 84 00 01 00 07 00 10 18 00 a8 00 0d 11 10 01 04 00 00 00 00 00 00 00 00 00 00 00 00 00 00 00 a7 58 25 7e,2021-05-01 13:34:10
7e 45 52 00 01 4f 23 08 00 15 00 84 00 01 00 07 00 10 40 00 a8 00 0d 11 10 01 04 00 00 00 00 00 00 00 00 00 00 00 00 00 00 00 d4 ea 0e 7e,2021-05-01 13:34:11
7e 45 53 00 01 50 23 07 00 15 00 84 00 01 00 07 00 10 38 00 a8 00 0d 11 10 01 04 00 00 00 00 00 00 00 00 00 00 00 00 00 00 00 cb 46 fc 7e,2021-05-01 13:34:11
7e 45 54 00 01 51 13 01 00 15 00 87 00 01 00 15 00 01 01 00 07 00 0d 00 00 00 c9 6b 53 7e,2021-05-01 13:34:12
7e 45 55 00 01 52 23 08 00 01 00 84 00 01 00 07 00 08 40 00 08 00 0d 11 10 01 04 00 00 00 00 00 00 00 00 00 00 00 00 00 00 00 18 19 12 7e,2021-05-01 13:34:13
7e 45 56 00 01 53 23 07 00 01 00 84 00 01 00 07 00 08 38 00 08 00 0d 11 10 01 04 00 00 00 00 00 00 00 00 00 00 00 00 00 00 00 0f 05 87 7e,2021-05-01 13:34:14
7e 45 57 00 01 54 23 15 00 01 00 84 00 01 00 07 00 08 a8 00 08 00 0d 11 10 01 04 00 00 00 00 00 00 00 00 00 00 00 00 00 00 00 8d 98 32 7e,2021-05-01 13:34:15
7e 45 58 00 01 55 23 15 00 15 00 84 00 01 00 07 00 10 a8 00 a8 00 0d 11 10 01 04 00 00 00 00 00 00 00 00 00 00 00 00 00 00 00 49 88 66 7e,2021-05-01 13:34:15
7e 45 59 00 01 56 29 00 00 01 00 88 00 01 01 00 9c 63 06 7f 0a 0e 10 01 2c 00 01 02 58 00 01 00 00 00 00 00 00 00 00 00 00 00 00 00 00 00 00 00 c0 f3 8f 7e,2021-05-01 13:41:25
7e 45 5c 00 01 59 14 15 00 01 00 84 00 01 00 15 00 08 a8 00 08 00 0e 11 01 02 24 ae fc 8a 7e,2021-05-01 13:42:00
7e 45 5d 00 01 5a 14 15 00 15 00 84 00 01 00 15 00 10 a8 00 a8 00 0e 11 01 02 24 6a 50 19 7e,2021-05-01 13:42:00
7e 45 5e 00 01 5b 36 01 00 01 00 84 00 06 00 01 00 18 08 00 08 00 87 11 23 11 04 00 53 00 42 0b 47 38 30 02 00 57 73 6e 55 61 72 74 52 00 00 00 00 00 00 00 00 34 62 63 34 65 66 66 00 5a 0f 36 7e,2021-05-01 13:48:51
7e 45 5f 00 01 5c 23 15 00 01 00 84 00 01 00 06 00 08 a8 00 08 00 0f 11 10 01 04 00 00 00 00 00 00 00 00 00 00 00 00 00 00 00 8e 38 5e 7e,2021-05-01 13:48:52
7e 45 60 00 01 5d 23 12 00 15 00 84 00 01 00 06 00 10 90 00 a8 00 0f 11 10 01 04 00 00 00 00 00 00 00 00 00 00 00 00 00 00 00 2f ff 88 7e,2021-05-01 13:48:53
7e 45 61 00 01 5e 23 12 00 15 00 84 00 01 00 06 00 10 90 00 a8 00 0f 11 10 01 04 00 00 00 00 00 00 00 00 00 00 00 00 00 00 00 2f 93 0d 7e,2021-05-01 13:48:54
7e 45 62 00 01 5f 23 12 00 15 00 84 00 01 00 06 00 10 90 00 a8 00 0f 11 10 01 04 00 00 00 00 00 00 00 00 00 00 00 00 00 00 00 2f 09 30 7e,2021-05-01 13:48:54
7e 45 63 00 01 60 23 03 00 15 00 84 00 01 00 06 00 10 18 00 a8 00 0f 11 10 01 04 00 00 00 00 00 00 00 00 00 00 00 00 00 00 00 a8 48 04 7e,2021-05-01 13:48:55
7e 45 64 00 01 61 23 08 00 15 00 84 00 01 00 06 00 10 40 00 a8 00 0f 11 10 01 04 00 00 00 00 00 00 00 00 00 00 00 00 00 00 00 d5 f6 0d 7e,2021-05-01 13:48:56
7e 45 65 00 01 62 23 07 00 15 00 84 00 01 00 06 00 10 38 00 a8 00 0f 11 10 01 04 00 00 00 00 00 00 00 00 00 00 00 00 00 00 00 cc d2 c1 7e,2021-05-01 13:48:57
7e 45 66 00 01 63 23 11 00 15 00 84 00 01 00 06 00 10 88 00 a8 00 0f 11 10 01 04 00 00 00 00 00 00 00 00 00 00 00 00 00 00 00 26 94 11 7e,2021-05-01 13:48:58
7e 45 67 00 01 64 23 03 00 15 00 84 00 01 00 06 00 10 18 00 a8 00 0f 11 10 01 04 00 00 00 00 00 00 00 00 00 00 00 00 00 00 00 a8 85 65 7e,2021-05-01 13:48:58
7e 45 68 00 01 65 23 08 00 15 00 84 00 01 00 06 00 10 40 00 a8 00 0f 11 10 01 04 00 00 00 00 00 00 00 00 00 00 00 00 00 00 00 d5 9e fb 7e,2021-05-01 13:48:59
7e 45 69 00 01 66 23 07 00 15 00 84 00 01 00 06 00 10 38 00 a8 00 0f 11 10 01 04 00 00 00 00 00 00 00 00 00 00 00 00 00 00 00 cc ba 37 7e,2021-05-01 13:49:00
7e 45 6a 00 01 67 13 01 00 15 00 87 00 01 00 15 00 01 01 00 06 00 0f 00 00 00 ca c7 98 7e,2021-05-01 13:49:01
7e 45 6b 00 01 68 23 08 00 01 00 84 00 01 00 06 00 08 40 00 08 00 0f 11 10 01 04 00 00 00 00 00 00 00 00 00 00 00 00 00 00 00 19 d1 8c 7e,2021-05-01 13:49:01
7e 45 6c 00 01 69 23 07 00 01 00 84 00 01 00 06 00 08 38 00 08 00 0f 11 10 01 04 00 00 00 00 00 00 00 00 00 00 00 00 00 00 00 10 f0 29 7e,2021-05-01 13:49:02
7e 45 6d 00 01 6a 23 15 00 01 00 84 00 01 00 06 00 08 a8 00 08 00 0f 11 10 01 04 00 00 00 00 00 00 00 00 00 00 00 00 00 00 00 8e df ed 7e,2021-05-01 13:49:03
7e 45 6e 00 01 6b 23 15 00 15 00 84 00 01 00 06 00 10 a8 00 a8 00 0f 11 10 01 04 00 00 00 00 00 00 00 00 00 00 00 00 00 00 00 4a a8 ed 7e,2021-05-01 13:49:04
7e 45 6f 00 01 6c 36 01 00 07 00 84 00 06 00 01 00 10 08 00 38 00 98 11 23 11 04 00 53 00 42 0b 47 38 30 02 00 57 73 6e 55 61 72 74 52 00 00 00 00 00 00 00 00 34 62 63 34 65 66 66 00 99 b6 a7 7e,2021-05-01 14:34:32
7e 45 70 00 01 6d 29 00 00 01 00 88 00 01 01 00 9c 63 06 7f 0a 0e 10 01 2c 00 01 02 58 00 01 00 00 00 00 00 00 00 00 00 00 00 00 00 00 00 00 00 c0 45 e7 7e,2021-05-01 14:34:49
7e 45 71 00 01 6e 36 01 00 07 00 84 00 07 00 01 00 08 08 00 38 00 6d 11 23 11 04 00 4e 00 50 0b 47 38 30 02 00 57 73 6e 55 61 72 74 52 00 00 00 00 00 00 00 00 30 62 35 35 33 34 36 00 ab d9 9b 7e,2021-05-01 14:36:39
7e 45 74 00 01 71 14 15 00 01 00 84 00 01 00 15 00 08 a8 00 08 00 10 11 01 02 25 b1 fa 45 7e,2021-05-01 14:42:05
7e 45 75 00 01 72 14 15 00 15 00 84 00 01 00 15 00 10 a8 00 a8 00 10 11 01 02 25 6d 6f 45 7e,2021-05-01 14:42:06
7e 45 76 00 01 73 36 01 00 01 00 84 00 07 00 01 00 10 08 00 08 00 71 11 23 11 04 00 4e 00 50 0b 47 38 30 02 00 57 73 6e 55 61 72 74 52 00 00 00 00 00 00 00 00 30 62 35 35 33 34 36 00 81 ee 3d 7e,2021-05-01 14:51:50
7e 45 77 00 01 74 23 07 00 01 00 84 00 01 00 07 00 08 38 00 08 00 11 11 10 01 04 00 00 00 00 00 00 00 00 00 00 00 00 00 00 00 13 d0 6b 7e,2021-05-01 14:51:51
7e 45 78 00 01 75 23 07 00 01 00 84 00 01 00 07 00 08 38 00 08 00 11 11 10 01 04 00 00 00 00 00 00 00 00 00 00 00 00 00 00 00 13 2d 02 7e,2021-05-01 14:51:52
7e 45 79 00 01 76 23 07 00 01 00 84 00 01 00 07 00 08 38 00 08 00 11 11 10 01 04 00 00 00 00 00 00 00 00 00 00 00 00 00 00 00 13 41 87 7e,2021-05-01 14:51:53
7e 45 7a 00 01 77 23 15 00 01 00 84 00 01 00 07 00 08 a8 00 08 00 11 11 10 01 04 00 00 00 00 00 00 00 00 00 00 00 00 00 00 00 91 25 28 7e,2021-05-01 14:51:53
7e 45 7b 00 01 78 23 12 00 15 00 84 00 01 00 07 00 10 90 00 a8 00 11 11 10 01 04 00 00 00 00 00 00 00 00 00 00 00 00 00 00 00 32 bc 85 7e,2021-05-01 14:51:54
7e 45 7c 00 01 79 23 12 00 15 00 84 00 01 00 07 00 10 90 00 a8 00 11 11 10 01 04 00 00 00 00 00 00 00 00 00 00 00 00 00 00 00 32 e4 7b 7e,2021-05-01 14:51:55
7e 45 7d 5d 00 01 7a 23 12 00 15 00 84 00 01 00 07 00 10 90 00 a8 00 11 11 10 01 04 00 00 00 00 00 00 00 00 00 00 00 00 00 00 00 32 88 fe 7e,2021-05-01 14:51:56
7e 45 7d 5e 00 01 7b 23 03 00 15 00 84 00 01 00 07 00 10 18 00 a8 00 11 11 10 01 04 00 00 00 00 00 00 00 00 00 00 00 00 00 00 00 ab 53 9f 7e,2021-05-01 14:51:56
7e 45 7f 00 01 7c 23 08 00 15 00 84 00 01 00 07 00 10 40 00 a8 00 11 11 10 01 04 00 00 00 00 00 00 00 00 00 00 00 00 00 00 00 d8 18 ae 7e,2021-05-01 14:51:57
7e 45 80 00 01 7d 5d 23 07 00 15 00 84 00 01 00 07 00 10 38 00 a8 00 11 11 10 01 04 00 00 00 00 00 00 00 00 00 00 00 00 00 00 00 cf 0b 38 7e,2021-05-01 14:51:58
7e 45 81 00 01 7d 5e 23 11 00 15 00 84 00 01 00 07 00 10 88 00 a8 00 11 11 10 01 04 00 00 00 00 00 00 00 00 00 00 00 00 00 00 00 29 37 91 7e,2021-05-01 14:51:59
7e 45 82 00 01 7f 23 03 00 15 00 84 00 01 00 07 00 10 18 00 a8 00 11 11 10 01 04 00 00 00 00 00 00 00 00 00 00 00 00 00 00 00 ab 53 3e 7e,2021-05-01 14:52:00
7e 45 83 00 01 80 23 08 00 15 00 84 00 01 00 07 00 10 40 00 a8 00 11 11 10 01 04 00 00 00 00 00 00 00 00 00 00 00 00 00 00 00 d8 6b 21 7e,2021-05-01 14:52:00
7e 45 84 00 01 81 23 07 00 15 00 84 00 01 00 07 00 10 38 00 a8 00 11 11 10 01 04 00 00 00 00 00 00 00 00 00 00 00 00 00 00 00 cf b5 77 7e,2021-05-01 14:52:01
7e 45 85 00 01 82 13 01 00 15 00 87 00 01 00 15 00 01 01 00 07 00 11 00 00 00 cd 3f 17 7e,2021-05-01 14:52:02
7e 45 86 00 01 83 23 08 00 01 00 84 00 01 00 07 00 08 40 00 08 00 11 11 10 01 04 00 00 00 00 00 00 00 00 00 00 00 00 00 00 00 1c 28 5a 7e,2021-05-01 14:52:03
7e 45 87 00 01 84 23 07 00 01 00 84 00 01 00 07 00 08 38 00 08 00 11 11 10 01 04 00 00 00 00 00 00 00 00 00 00 00 00 00 00 00 13 f4 46 7e,2021-05-01 14:52:03
7e 45 88 00 01 85 23 15 00 01 00 84 00 01 00 07 00 08 a8 00 08 00 11 11 10 01 04 00 00 00 00 00 00 00 00 00 00 00 00 00 00 00 91 f7 bd 7e,2021-05-01 14:52:04
7e 45 89 00 01 86 23 15 00 15 00 84 00 01 00 07 00 10 a8 00 a8 00 11 11 10 01 04 00 00 00 00 00 00 00 00 00 00 00 00 00 00 00 4d 4f 96 7e,2021-05-01 14:52:05
7e 45 8a 00 01 87 29 00 00 01 00 88 00 01 01 00 9c 63 06 7f 0a 0e 10 01 2c 00 01 02 58 00 01 00 00 00 00 00 00 00 00 00 00 00 00 00 00 00 00 00 c0 31 37 7e,2021-05-01 15:28:04
7e 45 8b 00 01 88 36 01 00 01 00 84 00 06 00 01 00 18 08 00 08 00 ae 11 23 11 04 00 53 00 42 0b 47 38 30 02 00 57 73 6e 55 61 72 74 52 00 00 00 00 00 00 00 00 34 62 63 34 65 66 66 00 81 61 c0 7e,2021-05-01 15:36:41
7e 45 8c 00 01 89 23 15 00 01 00 84 00 01 00 06 00 08 a8 00 08 00 12 11 10 01 04 00 00 00 00 00 00 00 00 00 00 00 00 00 00 00 91 aa c2 7e,2021-05-01 15:36:42
7e 45 8d 00 01 8a 23 12 00 15 00 84 00 01 00 06 00 10 90 00 a8 00 12 11 10 01 04 00 00 00 00 00 00 00 00 00 00 00 00 00 00 00 32 03 99 7e,2021-05-01 15:36:43
7e 45 8e 00 01 8b 23 12 00 15 00 84 00 01 00 06 00 10 90 00 a8 00 12 11 10 01 04 00 00 00 00 00 00 00 00 00 00 00 00 00 00 00 32 99 a4 7e,2021-05-01 15:36:43
7e 45 8f 00 01 8c 23 12 00 15 00 84 00 01 00 06 00 10 90 00 a8 00 12 11 10 01 04 00 00 00 00 00 00 00 00 00 00 00 00 00 00 00 32 fa 83 7e,2021-05-01 15:36:44
7e 45 90 00 01 8d 23 03 00 15 00 84 00 01 00 06 00 10 18 00 a8 00 12 11 10 01 04 00 00 00 00 00 00 00 00 00 00 00 00 00 00 00 ab 2d 89 7e,2021-05-01 15:36:45
7e 45 91 00 01 8e 23 08 00 15 00 84 00 01 00 06 00 10 40 00 a8 00 12 11 10 01 04 00 00 00 00 00 00 00 00 00 00 00 00 00 00 00 d8 69 1a 7e,2021-05-01 15:36:46
7e 45 92 00 01 8f 23 07 00 15 00 84 00 01 00 06 00 10 38 00 a8 00 12 11 10 01 04 00 00 00 00 00 00 00 00 00 00 00 00 00 00 00 cf 75 8f 7e,2021-05-01 15:36:46
7e 45 93 00 01 90 23 11 00 15 00 84 00 01 00 06 00 10 88 00 a8 00 12 11 10 01 04 00 00 00 00 00 00 00 00 00 00 00 00 00 00 00 29 07 78 7e,2021-05-01 15:36:47
7e 45 94 00 01 91 23 03 00 15 00 84 00 01 00 06 00 10 18 00 a8 00 12 11 10 01 04 00 00 00 00 00 00 00 00 00 00 00 00 00 00 00 ab a1 14 7e,2021-05-01 15:36:48
7e 45 95 00 01 92 23 08 00 15 00 84 00 01 00 06 00 10 40 00 a8 00 12 11 10 01 04 00 00 00 00 00 00 00 00 00 00 00 00 00 00 00 d8 e5 87 7e,2021-05-01 15:36:49
7e 45 96 00 01 93 23 07 00 15 00 84 00 01 00 06 00 10 38 00 a8 00 12 11 10 01 04 00 00 00 00 00 00 00 00 00 00 00 00 00 00 00 cf f9 12 7e,2021-05-01 15:36:50
7e 45 97 00 01 94 13 01 00 15 00 87 00 01 00 15 00 01 01 00 06 00 12 00 00 00 cd 97 10 7e,2021-05-01 15:36:50
7e 45 98 00 01 95 23 08 00 01 00 84 00 01 00 06 00 08 40 00 08 00 12 11 10 01 04 00 00 00 00 00 00 00 00 00 00 00 00 00 00 00 1c 0c c9 7e,2021-05-01 15:36:51
7e 45 99 00 01 96 23 07 00 01 00 84 00 01 00 06 00 08 38 00 08 00 12 11 10 01 04 00 00 00 00 00 00 00 00 00 00 00 00 00 00 00 13 df 77 7e,2021-05-01 15:36:52
7e 45 9a 00 01 97 23 15 00 01 00 84 00 01 00 06 00 08 a8 00 08 00 12 11 10 01 04 00 00 00 00 00 00 00 00 00 00 00 00 00 00 00 91 bb d8 7e,2021-05-01 15:36:53
7e 45 9b 00 01 98 23 15 00 15 00 84 00 01 00 06 00 10 a8 00 a8 00 12 11 10 01 04 00 00 00 00 00 00 00 00 00 00 00 00 00 00 00 4d 33 05 7e,2021-05-01 15:36:54
